/*
 Navicat Premium Data Transfer

 Source Server         : localhost
 Source Server Type    : MySQL
 Source Server Version : 50717
 Source Host           : 127.0.0.1
 Source Database       : wineparty

 Target Server Type    : MySQL
 Target Server Version : 50717
 File Encoding         : utf-8

 Date: 11/06/2020 16:04:01 PM
*/

SET NAMES utf8mb4;
SET FOREIGN_KEY_CHECKS = 0;

-- ----------------------------
--  Table structure for `area`
-- ----------------------------
DROP TABLE IF EXISTS `area`;
CREATE TABLE `area` (
  `id` int(11) NOT NULL AUTO_INCREMENT COMMENT 'AUTO_INCREMENT',
  `areaCode` varchar(20) NOT NULL COMMENT '中支的机构编号',
  `areaName` varchar(30) NOT NULL COMMENT '中支的机构名称',
  `type` varchar(20) NOT NULL COMMENT '类别：xian 县shi 市sheng 省',
  `parentId` int(11) NOT NULL COMMENT '区域表id：省公司的上级机构id为null，其他中支的上级机构id为省公司机构id',
  `idDel` int(1) NOT NULL COMMENT '默认：00:未删除1:已删除',
  `createdBy` int(11) DEFAULT NULL COMMENT '用户表id',
  `creationDate` datetime DEFAULT NULL COMMENT '创建时间',
  `modifyBy` int(11) DEFAULT NULL COMMENT '用户表id',
  `modifyDate` datetime DEFAULT NULL COMMENT '更新时间',
  PRIMARY KEY (`id`)
) ENGINE=InnoDB AUTO_INCREMENT=14 DEFAULT CHARSET=utf8;

-- ----------------------------
--  Records of `area`
-- ----------------------------
BEGIN;
INSERT INTO `area` VALUES ('1', 'hebeisheng', '河北省', 'sheng', '0', '0', '1', '2020-09-09 00:00:00', '1', '2020-11-07 00:00:00'), ('2', 'baoding', '保定', 'shi', '1', '0', '1', '2020-09-10 00:00:00', '1', '2020-11-08 00:00:00'), ('3', 'baonan', '保南', 'shi', '1', '0', '1', '2020-09-11 00:00:00', '1', '2020-11-09 00:00:00'), ('4', 'cangzhou', '沧州', 'shi', '1', '0', '1', '2020-09-12 00:00:00', '1', '2020-11-10 00:00:00'), ('5', 'chengde', '承德', 'shi', '1', '0', '1', '2020-09-13 00:00:00', '1', '2020-11-11 00:00:00'), ('6', 'handan', '邯郸', 'shi', '1', '0', '1', '2020-09-14 00:00:00', '1', '2020-11-12 00:00:00'), ('7', 'hengshui', '衡水', 'shi', '1', '0', '1', '2020-09-15 00:00:00', '1', '2020-11-13 00:00:00'), ('8', 'langfang', '廊坊', 'shi', '1', '0', '1', '2020-09-17 00:00:00', '1', '2020-11-15 00:00:00'), ('9', 'qinhuangdao', '秦皇岛', 'shi', '1', '0', '1', '2020-09-18 00:00:00', '1', '2020-11-16 00:00:00'), ('10', 'shijiazhuang', '石家庄', 'shi', '1', '0', '1', '2020-09-19 00:00:00', '1', '2020-11-17 00:00:00'), ('11', 'tangshan', '唐山', 'shi', '1', '0', '1', '2020-09-20 00:00:00', '1', '2020-11-18 00:00:00'), ('12', 'xingtai', '邢台', 'shi', '1', '0', '1', '2020-09-21 00:00:00', '1', '2020-11-19 00:00:00'), ('13', 'zhangjiakou', '张家口', 'shi', '1', '0', '1', '2020-09-22 00:00:00', '1', '2020-11-20 00:00:00');
COMMIT;

-- ----------------------------
--  Table structure for `dept`
-- ----------------------------
DROP TABLE IF EXISTS `dept`;
CREATE TABLE `dept` (
  `id` int(11) NOT NULL AUTO_INCREMENT COMMENT 'AUTO_INCREMENT',
  `deptCode` varchar(20) NOT NULL COMMENT '四级机构的机构编号',
  `deptName` varchar(30) NOT NULL COMMENT '四级机构的机构名称',
  `type` varchar(20) NOT NULL COMMENT '类别：\r\nxian 县\r\nshi 市\r\nsheng 省',
  `parentId` int(11) NOT NULL COMMENT '区域表id：\r\n该四级机构所属中支的id',
  `areaName` varchar(30) NOT NULL COMMENT '该四级机构所属中支的机构名称',
  `idDel` int(1) NOT NULL COMMENT '默认：0\r\n0:未删除\r\n1:已删除',
  `createdBy` int(11) DEFAULT NULL COMMENT '用户表id',
  `creationDate` datetime DEFAULT NULL COMMENT '创建时间',
  `modifyBy` int(11) DEFAULT NULL COMMENT '用户表id',
  `modifyDate` datetime DEFAULT NULL COMMENT '更新时间',
  PRIMARY KEY (`id`)
) ENGINE=InnoDB AUTO_INCREMENT=143 DEFAULT CHARSET=utf8;

-- ----------------------------
--  Records of `dept`
-- ----------------------------
BEGIN;
INSERT INTO `dept` VALUES ('1', 'anxin', '安新', 'xian', '2', 'baoding', '0', '1', '2020-09-07 00:00:00', '1', '2020-07-09 00:00:00'), ('2', 'xinshi', '新市', 'xian', '2', 'baoding', '0', '1', '2020-09-08 00:00:00', '1', '2020-07-10 00:00:00'), ('3', 'rongcheng', '容城', 'xian', '2', 'baoding', '0', '1', '2020-09-09 00:00:00', '1', '2020-07-11 00:00:00'), ('4', 'dingxing', '定兴', 'xian', '2', 'baoding', '0', '1', '2020-09-10 00:00:00', '1', '2020-07-12 00:00:00'), ('5', 'gaobeidian', '高碑店', 'xian', '2', 'baoding', '0', '1', '2020-09-11 00:00:00', '1', '2020-07-13 00:00:00'), ('6', 'laishui', '涞水', 'xian', '2', 'baoding', '0', '1', '2020-09-12 00:00:00', '1', '2020-07-14 00:00:00'), ('7', 'mancheng', '满城', 'xian', '2', 'baoding', '0', '1', '2020-09-13 00:00:00', '1', '2020-07-15 00:00:00'), ('8', 'nanshi', '南市', 'xian', '2', 'baoding', '0', '1', '2020-09-14 00:00:00', '1', '2020-07-16 00:00:00'), ('9', 'xiongxian', '雄县', 'xian', '2', 'baoding', '0', '1', '2020-09-15 00:00:00', '1', '2020-07-17 00:00:00'), ('10', 'xushui', '徐水', 'xian', '2', 'baoding', '0', '1', '2020-09-16 00:00:00', '1', '2020-07-18 00:00:00'), ('11', 'yixian', '易县', 'xian', '2', 'baoding', '0', '1', '2020-09-17 00:00:00', '1', '2020-07-19 00:00:00'), ('12', 'zhuozhou', '涿州', 'xian', '2', 'baoding', '0', '1', '2020-09-18 00:00:00', '1', '2020-07-20 00:00:00'), ('13', 'anguo', '安国', 'xian', '3', 'baonan', '0', '1', '2020-09-19 00:00:00', '1', '2020-07-21 00:00:00'), ('14', 'dingzhou', '定州', 'xian', '3', 'baonan', '0', '1', '2020-09-20 00:00:00', '1', '2020-07-22 00:00:00'), ('15', 'gaoyang', '高阳', 'xian', '3', 'baonan', '0', '1', '2020-09-21 00:00:00', '1', '2020-07-23 00:00:00'), ('16', 'lixian', '蠡县', 'xian', '3', 'baonan', '0', '1', '2020-09-22 00:00:00', '1', '2020-07-24 00:00:00'), ('17', 'qingyuan', '清苑', 'xian', '3', 'baonan', '0', '1', '2020-09-23 00:00:00', '1', '2020-07-25 00:00:00'), ('18', 'quyang', '曲阳', 'xian', '3', 'baonan', '0', '1', '2020-09-24 00:00:00', '1', '2020-07-26 00:00:00'), ('19', 'tangxian', '唐县', 'xian', '3', 'baonan', '0', '1', '2020-09-25 00:00:00', '1', '2020-07-27 00:00:00'), ('20', 'wangdong', '望都', 'xian', '3', 'baonan', '0', '1', '2020-09-26 00:00:00', '1', '2020-07-28 00:00:00'), ('21', 'botou', '泊头', 'xian', '4', 'cangzhou', '0', '1', '2020-09-27 00:00:00', '1', '2020-07-29 00:00:00'), ('22', 'yunhe', '运河', 'xian', '4', 'cangzhou', '0', '1', '2020-09-28 00:00:00', '1', '2020-07-30 00:00:00'), ('23', 'cangxian', '沧县', 'xian', '4', 'cangzhou', '0', '1', '2020-09-29 00:00:00', '1', '2020-07-31 00:00:00'), ('24', 'wuqiao', '吴桥', 'xian', '4', 'cangzhou', '0', '1', '2020-09-30 00:00:00', '1', '2020-08-01 00:00:00'), ('25', 'dongguang', '东光', 'xian', '4', 'cangzhou', '0', '1', '2020-10-01 00:00:00', '1', '2020-08-02 00:00:00'), ('26', 'haixing', '海兴', 'xian', '4', 'cangzhou', '0', '1', '2020-10-02 00:00:00', '1', '2020-08-03 00:00:00'), ('27', 'hejian', '河间', 'xian', '4', 'cangzhou', '0', '1', '2020-10-03 00:00:00', '1', '2020-08-04 00:00:00'), ('28', 'huanghua', '黄骅', 'xian', '4', 'cangzhou', '0', '1', '2020-10-04 00:00:00', '1', '2020-08-05 00:00:00'), ('29', 'mengcun', '孟村', 'xian', '4', 'cangzhou', '0', '1', '2020-10-05 00:00:00', '1', '2020-08-06 00:00:00'), ('30', 'nanpi', '南皮', 'xian', '4', 'cangzhou', '0', '1', '2020-10-06 00:00:00', '1', '2020-08-07 00:00:00'), ('31', 'qingxian', '青县', 'xian', '4', 'cangzhou', '0', '1', '2020-10-07 00:00:00', '1', '2020-08-08 00:00:00'), ('32', 'renqiu', '任丘', 'xian', '4', 'cangzhou', '0', '1', '2020-10-08 00:00:00', '1', '2020-08-09 00:00:00'), ('33', 'suning', '肃宁', 'xian', '4', 'cangzhou', '0', '1', '2020-10-09 00:00:00', '1', '2020-08-10 00:00:00'), ('34', 'xianxian', '献县', 'xian', '4', 'cangzhou', '0', '1', '2020-10-10 00:00:00', '1', '2020-08-11 00:00:00'), ('35', 'yanshan', '盐山', 'xian', '4', 'cangzhou', '0', '1', '2020-10-11 00:00:00', '1', '2020-08-12 00:00:00'), ('36', 'shuangluan', '双滦', 'xian', '5', 'chengde', '0', '1', '2020-10-12 00:00:00', '1', '2020-08-13 00:00:00'), ('37', 'shuangqiao', '双桥', 'xian', '5', 'chengde', '0', '1', '2020-10-13 00:00:00', '1', '2020-08-14 00:00:00'), ('38', 'yingzi', '营子', 'xian', '5', 'chengde', '0', '1', '2020-10-14 00:00:00', '1', '2020-08-15 00:00:00'), ('39', 'chengdexian', '承德县', 'xian', '5', 'chengde', '0', '1', '2020-10-15 00:00:00', '1', '2020-08-16 00:00:00'), ('40', 'fengning', '丰宁', 'xian', '5', 'chengde', '0', '1', '2020-10-16 00:00:00', '1', '2020-08-17 00:00:00'), ('41', 'kuancheng', '宽城', 'xian', '5', 'chengde', '0', '1', '2020-10-17 00:00:00', '1', '2020-08-18 00:00:00'), ('42', 'longhua', '隆化', 'xian', '5', 'chengde', '0', '1', '2020-10-18 00:00:00', '1', '2020-08-19 00:00:00'), ('43', 'luanping', '滦平', 'xian', '5', 'chengde', '0', '1', '2020-10-19 00:00:00', '1', '2020-08-20 00:00:00'), ('44', 'pingquan', '平泉', 'xian', '5', 'chengde', '0', '1', '2020-10-20 00:00:00', '1', '2020-08-21 00:00:00'), ('45', 'weichang', '围场', 'xian', '5', 'chengde', '0', '1', '2020-10-21 00:00:00', '1', '2020-08-22 00:00:00'), ('46', 'xinglong', '兴隆', 'xian', '5', 'chengde', '0', '1', '2020-10-22 00:00:00', '1', '2020-08-23 00:00:00'), ('47', 'cixian', '磁县', 'xian', '6', 'handan', '0', '1', '2020-10-23 00:00:00', '1', '2020-08-24 00:00:00'), ('48', 'daming', '大名', 'xian', '6', 'handan', '0', '1', '2020-10-24 00:00:00', '1', '2020-08-25 00:00:00'), ('49', 'feixiang', '肥乡', 'xian', '6', 'handan', '0', '1', '2020-10-25 00:00:00', '1', '2020-08-26 00:00:00'), ('50', 'guantao', '馆陶', 'xian', '6', 'handan', '0', '1', '2020-10-26 00:00:00', '1', '2020-08-27 00:00:00'), ('51', 'guangping', '广平', 'xian', '6', 'handan', '0', '1', '2020-10-27 00:00:00', '1', '2020-08-28 00:00:00'), ('52', 'congtai', '丛台', 'xian', '6', 'handan', '0', '1', '2020-10-28 00:00:00', '1', '2020-08-29 00:00:00'), ('53', 'fengfeng', '峰峰', 'xian', '6', 'handan', '0', '1', '2020-10-29 00:00:00', '1', '2020-08-30 00:00:00'), ('54', 'fuxing', '复兴', 'xian', '6', 'handan', '0', '1', '2020-10-30 00:00:00', '1', '2020-08-31 00:00:00'), ('55', 'linzhang', '临漳', 'xian', '6', 'handan', '0', '1', '2020-10-31 00:00:00', '1', '2020-09-01 00:00:00'), ('56', 'qiuxian', '邱县', 'xian', '6', 'handan', '0', '1', '2020-11-01 00:00:00', '1', '2020-09-02 00:00:00'), ('57', 'quzhou', '曲周', 'xian', '6', 'handan', '0', '1', '2020-11-02 00:00:00', '1', '2020-09-03 00:00:00'), ('58', 'shexian', '涉县', 'xian', '6', 'handan', '0', '1', '2020-11-03 00:00:00', '1', '2020-09-04 00:00:00'), ('59', 'wuan', '武安', 'xian', '6', 'handan', '0', '1', '2020-11-04 00:00:00', '1', '2020-09-05 00:00:00'), ('60', 'yongnian ', '永年', 'xian', '7', 'handan', '0', '1', '2020-11-05 00:00:00', '1', '2020-09-06 00:00:00'), ('61', 'anping', '安平', 'xian', '7', 'hengshui', '0', '1', '2020-11-06 00:00:00', '1', '2020-09-07 00:00:00'), ('62', 'fucheng', '阜城', 'xian', '7', 'hengshui', '0', '1', '2020-11-07 00:00:00', '1', '2020-09-08 00:00:00'), ('63', 'gucheng', '故城', 'xian', '7', 'hengshui', '0', '1', '2020-11-08 00:00:00', '1', '2020-09-09 00:00:00'), ('64', 'hengshuikaifaqu', '衡水开发区', 'xian', '7', 'hengshui', '0', '1', '2020-11-09 00:00:00', '1', '2020-09-10 00:00:00'), ('65', 'taocheng', '桃城', 'xian', '7', 'hengshui', '0', '1', '2020-11-10 00:00:00', '1', '2020-09-11 00:00:00'), ('66', 'hengshuibenbu', '衡水本部', 'xian', '7', 'hengshui', '0', '1', '2020-11-11 00:00:00', '1', '2020-09-12 00:00:00'), ('67', 'jizhou', '冀州', 'xian', '7', 'hengshui', '0', '1', '2020-11-12 00:00:00', '1', '2020-09-13 00:00:00'), ('68', 'jingxian', '景县', 'xian', '7', 'hengshui', '0', '1', '2020-11-13 00:00:00', '1', '2020-09-14 00:00:00'), ('69', 'raoyang', '饶阳', 'xian', '7', 'hengshui', '0', '1', '2020-11-14 00:00:00', '1', '2020-09-15 00:00:00'), ('70', 'shenzhou', '深州', 'xian', '7', 'hengshui', '0', '1', '2020-11-15 00:00:00', '1', '2020-09-16 00:00:00'), ('71', 'wuqiang', '武强', 'xian', '7', 'hengshui', '0', '1', '2020-11-16 00:00:00', '1', '2020-09-17 00:00:00'), ('72', 'wuyi', '武邑', 'xian', '7', 'hengshui', '0', '1', '2020-11-17 00:00:00', '1', '2020-09-18 00:00:00'), ('73', 'zaoqiang', '枣强', 'xian', '7', 'hengshui', '0', '1', '2020-11-18 00:00:00', '1', '2020-09-19 00:00:00'), ('74', 'bazhou', '霸州', 'xian', '8', 'langfang', '0', '1', '2020-11-19 00:00:00', '1', '2020-09-20 00:00:00'), ('75', 'dacheng', '大城', 'xian', '8', 'langfang', '0', '1', '2020-11-20 00:00:00', '1', '2020-09-21 00:00:00'), ('76', 'guan', '固安', 'xian', '8', 'langfang', '0', '1', '2020-11-21 00:00:00', '1', '2020-09-22 00:00:00'), ('77', 'yanjiao', '燕郊', 'xian', '8', 'langfang', '0', '1', '2020-11-22 00:00:00', '1', '2020-09-23 00:00:00'), ('78', 'langfangbenbu', '廊坊本部', 'xian', '8', 'langfang', '0', '1', '2020-11-23 00:00:00', '1', '2020-09-24 00:00:00'), ('79', 'sanhe', '三河', 'xian', '8', 'langfang', '0', '1', '2020-11-24 00:00:00', '1', '2020-09-25 00:00:00'), ('80', 'wenan', '文安', 'xian', '8', 'langfang', '0', '1', '2020-11-25 00:00:00', '1', '2020-09-26 00:00:00'), ('81', 'xianghe', '香河', 'xian', '8', 'langfang', '0', '1', '2020-11-26 00:00:00', '1', '2020-09-27 00:00:00'), ('82', 'yongqing', '永清', 'xian', '8', 'langfang', '0', '1', '2020-11-27 00:00:00', '1', '2020-09-28 00:00:00'), ('83', 'changli', '昌黎', 'xian', '9', 'qinhuangdao', '0', '1', '2020-11-28 00:00:00', '1', '2020-09-29 00:00:00'), ('84', 'funing', '抚宁', 'xian', '9', 'qinhuangdao', '0', '1', '2020-11-29 00:00:00', '1', '2020-09-30 00:00:00'), ('85', 'lulong', '卢龙', 'xian', '9', 'qinhuangdao', '0', '1', '2020-11-30 00:00:00', '1', '2020-10-01 00:00:00'), ('86', 'beidaihe', '北戴河', 'xian', '9', 'qinhuangdao', '0', '1', '2020-12-01 00:00:00', '1', '2020-10-02 00:00:00'), ('87', 'shanhaiguan', '山海关', 'xian', '9', 'qinhuangdao', '0', '1', '2020-12-02 00:00:00', '1', '2020-10-03 00:00:00'), ('88', 'qinhuangdaobenbu', '秦皇岛本部', 'xian', '9', 'qinhuangdao', '0', '1', '2020-12-03 00:00:00', '1', '2020-10-04 00:00:00'), ('89', 'haigang', '海港', 'xian', '9', 'qinhuangdao', '0', '1', '2020-12-04 00:00:00', '1', '2020-10-05 00:00:00'), ('90', 'qinglong', '青龙', 'xian', '9', 'qinhuangdao', '0', '1', '2020-12-05 00:00:00', '1', '2020-10-06 00:00:00'), ('91', 'gaocheng', '藁城', 'xian', '10', 'shijiazhuang', '0', '1', '2020-12-06 00:00:00', '1', '2020-10-07 00:00:00'), ('92', 'xinhua', '新华', 'xian', '10', 'shijiazhuang', '0', '1', '2020-12-07 00:00:00', '1', '2020-10-08 00:00:00'), ('93', 'yuanshi', '元氏', 'xian', '10', 'shijiazhuang', '0', '1', '2020-12-08 00:00:00', '1', '2020-10-09 00:00:00'), ('94', 'jinzhou', '晋州', 'xian', '10', 'shijiazhuang', '0', '1', '2020-12-09 00:00:00', '1', '2020-10-10 00:00:00'), ('95', 'jingxing', '井陉', 'xian', '10', 'shijiazhuang', '0', '1', '2020-12-10 00:00:00', '1', '2020-10-11 00:00:00'), ('96', 'luquan', '鹿泉', 'xian', '10', 'shijiazhuang', '0', '1', '2020-12-11 00:00:00', '1', '2020-10-12 00:00:00'), ('97', 'pingshan', '平山', 'xian', '10', 'shijiazhuang', '0', '1', '2020-12-12 00:00:00', '1', '2020-10-13 00:00:00'), ('98', 'shijiazhuangqiaodong', '石家庄桥东', 'xian', '10', 'shijiazhuang', '0', '1', '2020-12-13 00:00:00', '1', '2020-10-14 00:00:00'), ('99', 'zhongshan', '中山', 'xian', '10', 'shijiazhuang', '0', '1', '2020-12-14 00:00:00', '1', '2020-10-15 00:00:00'), ('100', 'wuji', '无极', 'xian', '10', 'shijiazhuang', '0', '1', '2020-12-15 00:00:00', '1', '2020-10-16 00:00:00'), ('101', 'xinji', '辛集', 'xian', '10', 'shijiazhuang', '0', '1', '2020-12-16 00:00:00', '1', '2020-10-17 00:00:00'), ('102', 'xinle', '新乐', 'xian', '10', 'shijiazhuang', '0', '1', '2020-12-17 00:00:00', '1', '2020-10-18 00:00:00'), ('103', 'xingtang', '行唐', 'xian', '10', 'shijiazhuang', '0', '1', '2020-12-18 00:00:00', '1', '2020-10-19 00:00:00'), ('104', 'zhaoxian', '赵县', 'xian', '10', 'shijiazhuang', '0', '1', '2020-12-19 00:00:00', '1', '2020-10-20 00:00:00'), ('105', 'zhengding', '正定', 'xian', '10', 'shijiazhuang', '0', '1', '2020-12-20 00:00:00', '1', '2020-10-21 00:00:00'), ('106', 'caofeidian', '曹妃甸', 'xian', '11', 'tangshan', '0', '1', '2020-12-21 00:00:00', '1', '2020-10-22 00:00:00'), ('107', 'fengnan', '丰南', 'xian', '11', 'tangshan', '0', '1', '2020-12-22 00:00:00', '1', '2020-10-23 00:00:00'), ('108', 'fengrun', '丰润', 'xian', '11', 'tangshan', '0', '1', '2020-12-23 00:00:00', '1', '2020-10-24 00:00:00'), ('109', 'guye', '古冶', 'xian', '11', 'tangshan', '0', '1', '2020-12-24 00:00:00', '1', '2020-10-25 00:00:00'), ('110', 'kaiping', '开平', 'xian', '11', 'tangshan', '0', '1', '2020-12-25 00:00:00', '1', '2020-10-26 00:00:00'), ('111', 'leting', '乐亭', 'xian', '11', 'tangshan', '0', '1', '2020-12-26 00:00:00', '1', '2020-10-27 00:00:00'), ('112', 'luannan', '滦南', 'xian', '11', 'tangshan', '0', '1', '2020-12-27 00:00:00', '1', '2020-10-28 00:00:00'), ('113', 'luanxian', '滦县', 'xian', '11', 'tangshan', '0', '1', '2020-12-28 00:00:00', '1', '2020-10-29 00:00:00'), ('114', 'qianan', '迁安', 'xian', '11', 'tangshan', '0', '1', '2020-12-29 00:00:00', '1', '2020-10-30 00:00:00'), ('115', 'qianxi', '迁西', 'xian', '11', 'tangshan', '0', '1', '2020-12-30 00:00:00', '1', '2020-10-31 00:00:00'), ('116', 'tangshanbenbu', '唐山本部', 'xian', '11', 'tangshan', '0', '1', '2020-12-31 00:00:00', '1', '2020-11-01 00:00:00'), ('117', 'lubei', '路北', 'xian', '11', 'tangshan', '0', '1', '2021-01-01 00:00:00', '1', '2020-11-02 00:00:00'), ('118', 'yutian', '玉田', 'xian', '11', 'tangshan', '0', '1', '2021-01-02 00:00:00', '1', '2020-11-03 00:00:00'), ('119', 'zunhua', '遵化', 'xian', '11', 'tangshan', '0', '1', '2021-01-03 00:00:00', '1', '2020-11-04 00:00:00'), ('120', 'julu', '巨鹿', 'xian', '12', 'xingtai', '0', '1', '2021-01-04 00:00:00', '1', '2020-11-05 00:00:00'), ('121', 'lincheng', '临城', 'xian', '12', 'xingtai', '0', '1', '2021-01-05 00:00:00', '1', '2020-11-06 00:00:00'), ('122', 'linxi', '临西', 'xian', '12', 'xingtai', '0', '1', '2021-01-06 00:00:00', '1', '2020-11-07 00:00:00'), ('123', 'longyao', '隆尧', 'xian', '12', 'xingtai', '0', '1', '2021-01-07 00:00:00', '1', '2020-11-08 00:00:00'), ('124', 'neiqiu', '内丘', 'xian', '12', 'xingtai', '0', '1', '2021-01-08 00:00:00', '1', '2020-11-09 00:00:00'), ('125', 'nangong', '南宫', 'xian', '12', 'xingtai', '0', '1', '2021-01-09 00:00:00', '1', '2020-11-10 00:00:00'), ('126', 'ningjin', '宁晋', 'xian', '12', 'xingtai', '0', '1', '2021-01-10 00:00:00', '1', '2020-11-11 00:00:00'), ('127', 'qinghe', '清河', 'xian', '12', 'xingtai', '0', '1', '2021-01-11 00:00:00', '1', '2020-11-12 00:00:00'), ('128', 'shahe', '沙河', 'xian', '12', 'xingtai', '0', '1', '2021-01-12 00:00:00', '1', '2020-11-13 00:00:00'), ('129', 'weixian', '威县', 'xian', '12', 'xingtai', '0', '1', '2021-01-13 00:00:00', '1', '2020-11-14 00:00:00'), ('130', 'xingtaiqiaodong', '邢台桥东', 'xian', '12', 'xingtai', '0', '1', '2021-01-14 00:00:00', '1', '2020-11-15 00:00:00'), ('131', 'xingtaibenbu', '邢台本部', 'xian', '12', 'xingtai', '0', '1', '2021-01-15 00:00:00', '1', '2020-11-16 00:00:00'), ('132', 'renxian', '任县', 'xian', '13', 'xingtai', '0', '1', '2021-01-16 00:00:00', '1', '2020-11-17 00:00:00'), ('133', 'huailai', '怀来', 'xian', '13', 'zhangjiakou', '0', '1', '2021-01-17 00:00:00', '1', '2020-11-18 00:00:00'), ('134', 'shangyi', '尚义', 'xian', '13', 'zhangjiakou', '0', '1', '2021-01-18 00:00:00', '1', '2020-11-19 00:00:00'), ('135', 'wanquan', '万全', 'xian', '13', 'zhangjiakou', '0', '1', '2021-01-19 00:00:00', '1', '2020-11-20 00:00:00'), ('136', 'yuxian', '蔚县', 'xian', '13', 'zhangjiakou', '0', '1', '2021-01-20 00:00:00', '1', '2020-11-21 00:00:00'), ('137', 'xuanhua', '宣化', 'xian', '13', 'zhangjiakou', '0', '1', '2021-01-21 00:00:00', '1', '2020-11-22 00:00:00'), ('138', 'yangyuan', '阳原', 'xian', '13', 'zhangjiakou', '0', '1', '2021-01-22 00:00:00', '1', '2020-11-23 00:00:00'), ('139', 'zhangbei', '张北', 'xian', '13', 'zhangjiakou', '0', '1', '2021-01-23 00:00:00', '1', '2020-11-24 00:00:00'), ('140', 'zhangjiakouqiaoxi', '张家口桥西', 'xian', '13', 'zhangjiakou', '0', '1', '2021-01-24 00:00:00', '1', '2020-11-25 00:00:00'), ('141', 'zhangjiakoubenbu', '张家口本部', 'xian', '13', 'zhangjiakou', '0', '1', '2021-01-25 00:00:00', '1', '2020-11-26 00:00:00'), ('142', 'zhuolu', '涿鹿', 'xian', '13', 'zhangjiakou', '0', '1', '2021-01-26 00:00:00', '1', '2020-11-27 00:00:00');
COMMIT;

-- ----------------------------
--  Table structure for `file`
-- ----------------------------
DROP TABLE IF EXISTS `file`;
CREATE TABLE `file` (
  `id` int(11) NOT NULL AUTO_INCREMENT COMMENT 'AUTO_INCREMENT',
  `itemId` int(11) NOT NULL COMMENT '实际召开表id',
  `extension` varchar(30) NOT NULL COMMENT '附件扩展名',
  `url` varchar(255) NOT NULL COMMENT '文件保存url',
  `size` varchar(30) DEFAULT NULL COMMENT '文件大小',
  `shoottime` datetime DEFAULT NULL COMMENT '拍摄日期',
  `shootingAd` varchar(255) DEFAULT NULL COMMENT '拍摄地点',
  `idDel` int(1) NOT NULL COMMENT '默认：0\r\n0:未删除\r\n1:已删除',
  `createdBy` int(11) DEFAULT NULL COMMENT '用户表id',
  `creationDate` datetime DEFAULT NULL COMMENT '创建时间',
  PRIMARY KEY (`id`)
) ENGINE=InnoDB AUTO_INCREMENT=143 DEFAULT CHARSET=utf8;

-- ----------------------------
--  Table structure for `item`
-- ----------------------------
DROP TABLE IF EXISTS `item`;
CREATE TABLE `item` (
  `id` int(11) NOT NULL AUTO_INCREMENT COMMENT 'AUTO_INCREMENT',
  `deptId` int(11) NOT NULL COMMENT '部门表id',
  `deptName` varchar(50) DEFAULT NULL COMMENT '部门名称',
  `areaId` int(11) NOT NULL COMMENT '区域表id',
  `areaName` varchar(50) DEFAULT NULL COMMENT '区域名称',
  `partyNum` int(3) NOT NULL COMMENT '当日召开桌数',
  `newClient` int(5) NOT NULL COMMENT '新客户数',
  `oldClient` int(5) NOT NULL COMMENT '老客户数',
  `yxClient` int(5) NOT NULL COMMENT '意向签单数',
  `money` int(10) NOT NULL COMMENT '预估保费',
  `idDel` int(1) NOT NULL COMMENT '默认：0\r\n0:未删除\r\n1:已删除',
  `createdBy` int(11) DEFAULT NULL COMMENT '用户表id',
  `creationDate` datetime DEFAULT NULL COMMENT '创建时间',
  `modifyBy` int(11) DEFAULT NULL COMMENT '用户表id',
  `modifyDate` datetime DEFAULT NULL COMMENT '更新时间',
  PRIMARY KEY (`id`)
) ENGINE=InnoDB AUTO_INCREMENT=150 DEFAULT CHARSET=utf8;

-- ----------------------------
--  Records of `item`
-- ----------------------------
BEGIN;
INSERT INTO `item` VALUES ('143', '1', '安新', '2', null, '10', '100', '200', '100', '10', '0', null, '2020-01-08 00:00:00', null, null), ('144', '1', '安新', '2', null, '20', '20', '50', '20', '40', '0', null, '2020-01-15 00:00:00', null, null), ('145', '1', '安新', '2', null, '30', '20', '40', '40', '2', '0', null, '2020-01-18 00:00:00', null, null), ('146', '1', '安新', '2', null, '40', '20', '10', '100', '40', '0', null, '2020-02-18 00:00:00', null, null), ('147', '1', '安新', '2', null, '50', '30', '40', '50', '10', '0', null, '2020-02-08 00:00:00', null, null), ('148', '2', '新市', '2', null, '200', '40', '50', '13', '13', '0', null, '2020-02-18 00:00:00', null, null), ('149', '2', '新市', '2', null, '100', '40', '14', '23', '12', '0', null, '2020-01-18 00:00:00', null, null);
COMMIT;

-- ----------------------------
--  Table structure for `plan`
-- ----------------------------
DROP TABLE IF EXISTS `plan`;
CREATE TABLE `plan` (
  `id` int(11) NOT NULL AUTO_INCREMENT COMMENT 'AUTO_INCREMENT',
  `deptId` int(11) NOT NULL COMMENT '部门表id',
  `areaId` int(11) NOT NULL COMMENT '区域表id',
  `planNum` int(3) DEFAULT NULL COMMENT '计划召开桌数',
  `planDate` datetime DEFAULT NULL COMMENT '计划召开时间',
  `idDel` int(1) NOT NULL COMMENT '默认：0\r\n0:未删除\r\n1:已删除',
  `createdBy` int(11) DEFAULT NULL COMMENT '用户表id',
  `creationDate` datetime DEFAULT NULL COMMENT '创建时间',
  `modifyBy` int(11) DEFAULT NULL COMMENT '用户表id',
  `modifyDate` datetime DEFAULT NULL COMMENT '更新时间',
  PRIMARY KEY (`id`)
) ENGINE=InnoDB AUTO_INCREMENT=146 DEFAULT CHARSET=utf8;

-- ----------------------------
--  Records of `plan`
-- ----------------------------
BEGIN;
INSERT INTO `plan` VALUES ('1', '1', '2', '10', '2020-01-08 00:00:00', '0', '1', '2020-01-08 00:00:00', '1', '2020-02-08 00:00:00'), ('25', '1', '2', '30', '2020-03-01 00:00:00', '0', '1', '2020-02-01 00:00:00', '1', '2020-03-03 00:00:00'), ('54', '2', '2', '100', '2020-01-01 00:00:00', '0', '1', '2020-03-01 00:00:00', '1', '2020-04-01 00:00:00'), ('85', '2', '2', '200', '2020-02-01 00:00:00', '0', '1', '2020-04-01 00:00:00', '1', '2020-05-02 00:00:00'), ('115', '2', '2', '300', '2020-03-01 00:00:00', '0', '1', '2020-05-01 00:00:00', '1', '2020-06-01 00:00:00'), ('143', '1', '2', '20', '2020-02-08 00:00:00', '0', null, null, null, null), ('144', '1', '2', '45', '2020-04-09 00:00:00', '0', null, null, null, null), ('145', '1', '2', '55', '2020-05-06 14:39:53', '0', null, null, null, null);
COMMIT;

-- ----------------------------
--  Table structure for `user`
-- ----------------------------
DROP TABLE IF EXISTS `user`;
CREATE TABLE `user` (
  `id` int(11) NOT NULL AUTO_INCREMENT COMMENT 'AUTO_INCREMENT',
  `userCode` varchar(40) NOT NULL COMMENT '用户编码',
  `userName` varchar(50) NOT NULL COMMENT '用户姓名',
  `password` varchar(30) NOT NULL COMMENT '密码',
  `role` int(1) NOT NULL COMMENT '1：四级机构用户2：中支用户3:省公司用户4：系统管理员',
  `deptId` int(11) NOT NULL COMMENT '部门表id：如果是省公司或中支用户，部门id为0',
  `deptName` varchar(50) DEFAULT NULL COMMENT '用户所属四级机构名称',
  `areaId` int(11) NOT NULL COMMENT '区域表id',
  `areaName` varchar(50) DEFAULT NULL COMMENT '用户所属中支名称',
  `idDel` varchar(1) NOT NULL COMMENT '默认：00:未删除1:已删除',
  `createdBy` int(11) DEFAULT NULL COMMENT '用户表id',
  `creationDate` datetime DEFAULT NULL COMMENT '创建时间',
  `modifyBy` int(11) DEFAULT NULL COMMENT '用户表id',
  `modifyDate` datetime DEFAULT NULL COMMENT '更新时间',
  PRIMARY KEY (`id`)
) ENGINE=InnoDB AUTO_INCREMENT=5 DEFAULT CHARSET=utf8;

-- ----------------------------
--  Records of `user`
-- ----------------------------
BEGIN;
INSERT INTO `user` VALUES ('1', 'admin', '管理员', '123456', '4', '0', null, '0', null, '0', '1', '2020-07-08 00:00:00', '1', '2020-09-06 00:00:00'), ('2', 'hebei', '省公司用户', '1234567', '3', '0', null, '0', null, '0', '1', '2020-07-09 00:00:00', '1', '2020-09-07 00:00:00'), ('3', 'zhongzhi', '中支用户', '1234567', '2', '0', null, '0', null, '0', '1', '2020-07-10 00:00:00', '1', '2020-09-08 00:00:00'), ('4', 'siji', '四级机构用户', '1234567', '1', '0', null, '1', null, '0', '1', '2020-07-23 00:00:00', '1', '2020-09-21 00:00:00');
COMMIT;

SET FOREIGN_KEY_CHECKS = 1;
